StateFIPS,State,CountyFIPS,County,Year,Value,Data Comment,Unnamed: 7,Days with AQI,Good Days,Moderate Days,Unhealthy for Sensitive Groups Days,Unhealthy Days,Very Unhealthy Days,Hazardous Days,Max AQI,90th Percentile AQI,Median AQI,Days CO,Days NO2,Days Ozone,Days PM2.5,Days PM10
4,Arizona,4001,Apache,2022,10,,,363,359,4,0,0,0,0,57,27,11,0,0,0,58,305
4,Arizona,4003,Cochise,2022,56,,,365,291,73,1,0,0,0,101,61,44,0,0,331,2,32
4,Arizona,4005,Coconino,2022,37,,,365,279,85,1,0,0,0,101,64,44,0,0,358,7,0
4,Arizona,4007,Gila,2022,8,,,365,245,102,16,2,0,0,177,84,45,0,0,339,2,24
4,Arizona,4012,La Paz,2022,,,,359,275,83,1,0,0,0,130,64,44,0,0,337,12,10
4,Arizona,4013,Maricopa,2022,"1,433",,,365,27,242,73,17,6,0,264,136,75,0,1,204,83,77
4,Arizona,4015,Mohave,2022,27,,,357,340,16,1,0,0,0,115,32,17,0,0,0,0,357
4,Arizona,4017,Navajo,2022,51,,,364,307,57,0,0,0,0,93,58,44,0,0,356,5,3
4,Arizona,4019,Pima,2022,505,,,365,147,205,13,0,0,0,142,81,53,0,0,196,94,75
4,Arizona,4021,Pinal,2022,172,,,365,91,238,28,3,2,3,689,100,61,0,0,138,40,187
4,Arizona,4023,Santa Cruz,2022,12,,,357,220,136,1,0,0,0,138,69,43,0,0,0,328,29
4,Arizona,4025,Yavapai,2022,68,,,365,341,24,0,0,0,0,87,48,40,0,0,365,0,0
4,Arizona,4027,Yuma,2022,28,,,365,228,128,9,0,0,0,142,73,46,0,0,199,98,68
12,Florida,12001,Alachua,2022,211,,,362,292,70,0,0,0,0,84,54,41,0,0,131,231,0
12,Florida,12003,Baker,2022,10,,,365,266,99,0,0,0,0,87,55,43,0,0,106,259,0
12,Florida,12005,Bay,2022,52,,,365,218,147,0,0,0,0,99,59,46,0,0,101,264,0
12,Florida,12009,Brevard,2022,190,,,365,288,77,0,0,0,0,80,54,43,0,0,179,186,0
12,Florida,12011,Broward,2022,"1,020",,,365,197,168,0,0,0,0,100,61,49,0,1,58,306,0
12,Florida,12017,Citrus,2022,26,,,342,229,113,0,0,0,0,78,55,45,0,0,0,342,0
12,Florida,12021,Collier,2022,126,,,347,277,70,0,0,0,0,82,53,40,0,0,115,232,0
12,Florida,12023,Columbia,2022,34,,,363,234,129,0,0,0,0,91,60,45,0,0,101,262,0
12,Florida,12031,Duval,2022,458,,,365,144,221,0,0,0,0,93,64,53,0,1,49,315,0
12,Florida,12033,Escambia,2022,120,,,365,191,173,1,0,0,0,133,64,49,0,0,106,259,0
12,Florida,12035,Flagler,2022,27,,,361,352,9,0,0,0,0,100,44,34,0,0,361,0,0
12,Florida,12047,Hamilton,2022,9,,,294,165,129,0,0,0,0,73,58,47,0,0,0,294,0
12,Florida,12055,Highlands,2022,35,,,349,337,11,1,0,0,0,112,46,33,0,0,349,0,0
12,Florida,12057,Hillsborough,2022,707,,,365,175,189,1,0,0,0,126,64,51,0,0,91,274,0
12,Florida,12059,Holmes,2022,,,,365,204,161,0,0,0,0,91,60,47,0,0,51,314,0
12,Florida,12061,Indian River,2022,44,,,357,349,8,0,0,0,0,67,44,33,0,0,357,0,0
12,Florida,12069,Lake,2022,136,,,364,349,15,0,0,0,0,87,47,35,0,0,364,0,0
12,Florida,12071,Lee,2022,283,,,302,238,64,0,0,0,0,80,55,42,0,0,138,164,0
12,Florida,12073,Leon,2022,60,,,364,211,153,0,0,0,0,93,60,47,0,0,55,309,0
12,Florida,12077,Liberty,2022,,,,355,346,9,0,0,0,0,74,45,32,0,0,355,0,0
12,Florida,12081,Manatee,2022,98,,,349,336,13,0,0,0,0,80,46,33,0,0,349,0,0
12,Florida,12083,Marion,2022,167,,,363,259,104,0,0,0,0,93,55,44,0,0,128,235,0
12,Florida,12085,Martin,2022,61,,,356,280,75,1,0,0,0,108,54,42,0,0,95,261,0
12,Florida,12086,Miami-Dade,2022,"1,280",,,365,259,104,2,0,0,0,136,59,44,0,13,78,274,0
12,Florida,12091,Okaloosa,2022,40,,,170,155,15,0,0,0,0,84,49,39,0,0,166,0,4
12,Florida,12095,Orange,2022,883,,,365,317,48,0,0,0,0,97,52,39,0,0,305,60,0
12,Florida,12097,Osceola,2022,336,,,364,348,16,0,0,0,0,80,46,34,0,0,364,0,0
12,Florida,12099,Palm Beach,2022,720,,,365,275,90,0,0,0,0,90,57,41,0,0,122,243,0
12,Florida,12101,Pasco,2022,245,,,361,332,29,0,0,0,0,87,50,37,0,0,361,0,0
12,Florida,12103,Pinellas,2022,307,,,365,226,139,0,0,0,0,87,58,46,0,1,112,249,3
12,Florida,12105,Polk,2022,369,,,363,264,99,0,0,0,0,87,56,44,0,0,141,222,0
12,Florida,12107,Putnam,2022,29,,,323,321,2,0,0,0,0,58,27,16,0,0,0,0,323
12,Florida,12113,Santa Rosa,2022,49,,,365,239,125,1,0,0,0,109,60,44,0,0,123,242,0
12,Florida,12115,Sarasota,2022,99,,,358,234,124,0,0,0,0,100,59,45,0,0,110,248,0
12,Florida,12117,Seminole,2022,215,,,363,288,75,0,0,0,0,87,54,42,0,0,158,205,0
12,Florida,12111,St. Lucie,2022,159,,,358,352,6,0,0,0,0,77,44,33,0,0,358,0,0
12,Florida,12127,Volusia,2022,243,,,365,242,123,0,0,0,0,93,57,45,0,0,103,262,0
12,Florida,12129,Wakulla,2022,,,,365,279,86,0,0,0,0,97,56,41,0,0,110,255,0
19,Iowa,19013,Black Hawk,2022,25,,,364,232,132,0,0,0,0,84,59,44,0,0,0,364,0
19,Iowa,19017,Bremer,2022,,,,243,235,8,0,0,0,0,67,47,37,0,0,243,0,0
19,Iowa,19033,Cerro Gordo,2022,17,,,117,116,1,0,0,0,0,61,31,17,0,0,0,0,117
19,Iowa,19045,Clinton,2022,6,,,364,165,198,1,0,0,0,107,67,52,0,0,74,290,0
19,Iowa,19085,Harrison,2022,0,,,237,210,27,0,0,0,0,84,51,40,0,0,237,0,0
19,Iowa,19103,Johnson,2022,18,,,365,223,141,1,0,0,0,108,62,44,0,0,0,365,0
19,Iowa,19111,Lee,2022,9,,,106,73,33,0,0,0,0,87,57,41,0,0,0,106,0
19,Iowa,19113,Linn,2022,62,,,365,197,168,0,0,0,0,81,61,48,0,0,90,274,1
19,Iowa,19137,Montgomery,2022,0,,,363,305,58,0,0,0,0,79,54,39,0,0,169,194,0
19,Iowa,19139,Muscatine,2022,,,,365,235,130,0,0,0,0,89,58,42,0,0,0,363,2
19,Iowa,19147,Palo Alto,2022,0,,,365,271,94,0,0,0,0,79,55,42,0,0,133,232,0
19,Iowa,19153,Polk,2022,109,,,365,273,92,0,0,0,0,89,57,41,0,4,136,224,1
19,Iowa,19155,Pottawattamie,2022,6,,,121,91,30,0,0,0,0,72,56,37,0,0,0,119,2
19,Iowa,19163,Scott,2022,52,,,365,202,163,0,0,0,0,96,65,49,0,0,97,216,52
19,Iowa,19177,Van Buren,2022,,,,365,271,93,1,0,0,0,102,55,43,0,1,123,241,0
19,Iowa,19193,Woodbury,2022,13,,,113,91,22,0,0,0,0,76,56,36,0,0,0,113,0
34,New Jersey,34001,Atlantic,2022,164,,,365,316,48,0,1,0,0,185,52,36,0,0,193,172,0
34,New Jersey,34003,Bergen,2022,390,,,365,259,106,0,0,0,0,90,60,42,0,61,142,162,0
34,New Jersey,34007,Camden,2022,550,,,365,197,167,1,0,0,0,108,63,48,0,4,120,241,0
34,New Jersey,34011,Cumberland,2022,171,,,362,308,54,0,0,0,0,84,53,38,0,5,239,118,0
34,New Jersey,34013,Essex,2022,828,,,269,177,92,0,0,0,0,97,61,44,1,32,109,127,0
34,New Jersey,34015,Gloucester,2022,105,,,288,217,68,3,0,0,0,126,61,42,0,0,231,57,0
34,New Jersey,34017,Hudson,2022,414,,,365,232,131,2,0,0,0,115,62,44,2,40,116,207,0
34,New Jersey,34019,Hunterdon,2022,27,,,364,263,101,0,0,0,0,93,60,42,0,0,197,167,0
34,New Jersey,34021,Mercer,2022,185,,,365,227,135,3,0,0,0,119,61,46,0,0,156,209,0
34,New Jersey,34023,Middlesex,2022,478,,,365,261,103,1,0,0,0,101,59,42,0,10,164,191,0
34,New Jersey,34025,Monmouth,2022,294,,,248,226,20,1,1,0,0,161,49,38,0,0,248,0,0
34,New Jersey,34027,Morris,2022,141,,,360,320,40,0,0,0,0,84,52,36,0,6,326,28,0
34,New Jersey,34029,Ocean,2022,276,,,358,287,68,3,0,0,0,105,58,40,0,0,195,163,0
34,New Jersey,34031,Passaic,2022,288,,,304,251,53,0,0,0,0,90,54,38,0,0,186,118,0
34,New Jersey,34039,Union,2022,253,,,365,191,174,0,0,0,0,82,65,49,0,29,0,336,0
34,New Jersey,34041,Warren,2022,38,,,363,241,122,0,0,0,0,86,60,43,0,24,100,239,0
35,New Mexico,35001,Bernalillo,2022,354,,,365,81,251,28,2,1,2,825,97,63,0,0,164,144,57
35,New Mexico,35003,Catron,2022,0,,,114,112,2,0,0,0,0,66,27,12,0,0,0,114,0
35,New Mexico,35005,Chaves,2022,20,,,121,108,13,0,0,0,0,64,51,26,0,0,0,121,0
35,New Mexico,35013,Dona Ana,2022,78,,,365,157,179,24,1,2,2,367,93,53,0,16,203,76,70
35,New Mexico,35015,Eddy,2022,19,,,365,207,130,27,1,0,0,151,93,48,0,1,352,12,0
35,New Mexico,35025,Lea,2022,13,,,365,237,123,5,0,0,0,126,74,44,0,2,259,104,0
35,New Mexico,35027,Lincoln,2022,6,,,109,105,4,0,0,0,0,79,40,16,0,0,0,109,0
35,New Mexico,35028,Los Alamos,2022,,,,118,112,5,1,0,0,0,103,39,14,0,0,0,118,0
35,New Mexico,35029,Luna,2022,8,,,358,317,32,6,2,0,1,806,52,17,0,0,0,0,358
35,New Mexico,35039,Rio Arriba,2022,18,,,331,304,26,1,0,0,0,105,49,40,0,0,317,14,0
35,New Mexico,35045,San Juan,2022,50,,,365,238,116,9,1,1,0,220,77,45,0,2,342,0,21
35,New Mexico,35043,Sandoval,2022,84,,,360,295,64,1,0,0,0,101,67,43,0,0,360,0,0
35,New Mexico,35049,Santa Fe,2022,56,,,365,284,81,0,0,0,0,98,61,44,0,0,340,25,0
35,New Mexico,35053,Socorro,2022,11,,,115,111,4,0,0,0,0,72,30,15,0,0,0,115,0
35,New Mexico,35055,Taos,2022,18,,,359,323,36,0,0,0,0,86,51,19,0,0,0,359,0
35,New Mexico,35061,Valencia,2022,37,,,361,317,44,0,0,0,0,93,54,41,0,0,361,0,0
36,New York,36001,Albany,2022,141,,,365,276,89,0,0,0,0,88,57,40,0,0,173,192,0
36,New York,36005,Bronx,2022,"3,879",,,365,225,139,1,0,0,0,101,61,44,0,29,132,204,0
36,New York,36013,Chautauqua,2022,27,,,355,322,29,4,0,0,0,140,50,36,0,0,330,25,0
36,New York,36027,Dutchess,2022,165,,,341,321,20,0,0,0,0,97,48,35,0,0,341,0,0
36,New York,36029,Erie,2022,484,,,365,238,125,2,0,0,0,150,61,44,0,5,114,245,1
36,New York,36031,Essex,2022,6,,,365,342,21,2,0,0,0,115,48,41,0,0,342,23,0
36,New York,36041,Hamilton,2022,0,,,350,345,5,0,0,0,0,71,43,34,0,0,350,0,0
36,New York,36045,Jefferson,2022,38,,,360,352,8,0,0,0,0,84,43,32,0,0,360,0,0
36,New York,36047,Kings,2022,"2,321",,,364,240,124,0,0,0,0,85,59,43,0,0,0,364,0
36,New York,36055,Monroe,2022,521,,,365,270,93,2,0,0,0,126,58,42,0,0,159,206,0
36,New York,36059,Nassau,2022,870,,,361,303,58,0,0,0,0,68,53,29,0,0,0,361,0
36,New York,36061,New York,2022,"1,404",,,365,234,130,1,0,0,0,105,61,43,0,0,146,219,0
36,New York,36063,Niagara,2022,81,,,358,339,18,1,0,0,0,133,45,35,0,0,358,0,0
36,New York,36065,Oneida,2022,68,,,332,288,44,0,0,0,0,83,52,26,0,0,0,332,0
36,New York,36067,Onondaga,2022,208,,,365,316,49,0,0,0,0,69,52,37,0,0,209,156,0
36,New York,36071,Orange,2022,262,,,363,292,71,0,0,0,0,73,55,37,0,0,106,257,0
36,New York,36075,Oswego,2022,29,,,354,349,5,0,0,0,0,58,43,32,0,0,354,0,0
36,New York,36079,Putnam,2022,41,,,333,311,22,0,0,0,0,100,47,34,0,0,333,0,0
36,New York,36081,Queens,2022,"1,751",,,365,203,159,3,0,0,0,126,67,47,0,18,114,233,0
36,New York,36085,Richmond,2022,409,,,365,278,86,1,0,0,0,105,57,40,0,0,185,180,0
36,New York,36087,Rockland,2022,144,,,365,315,50,0,0,0,0,90,53,38,0,0,251,114,0
36,New York,36091,Saratoga,2022,65,,,362,354,8,0,0,0,0,74,44,32,0,0,362,0,0
36,New York,36101,Steuben,2022,33,,,365,326,39,0,0,0,0,71,51,38,0,0,220,145,0
36,New York,36103,Suffolk,2022,756,,,365,272,85,8,0,0,0,133,60,42,0,0,253,112,0
36,New York,36109,Tompkins,2022,22,,,361,349,12,0,0,0,0,67,44,36,0,0,361,0,0
36,New York,36117,Wayne,2022,30,,,343,333,9,1,0,0,0,101,44,33,0,0,343,0,0
36,New York,36119,Westchester,2022,668,,,365,300,65,0,0,0,0,100,55,38,0,0,248,117,0
37,North Carolina,37003,Alexander,2022,7,,,300,280,20,0,0,0,0,90,49,37,0,0,245,0,55
37,North Carolina,37011,Avery,2022,,,,321,297,24,0,0,0,0,77,48,38,0,0,284,37,0
37,North Carolina,37021,Buncombe,2022,36,,,365,291,74,0,0,0,0,74,54,38,0,0,160,205,0
37,North Carolina,37027,Caldwell,2022,31,,,245,224,21,0,0,0,0,74,50,40,0,0,245,0,0
37,North Carolina,37031,Carteret,2022,15,,,359,346,13,0,0,0,0,77,46,35,0,0,359,0,0
37,North Carolina,37033,Caswell,2022,,,,264,253,11,0,0,0,0,64,48,39,0,0,245,0,19
37,North Carolina,37035,Catawba,2022,27,,,355,234,121,0,0,0,0,81,59,44,0,0,0,355,0
37,North Carolina,37051,Cumberland,2022,168,,,360,231,128,1,0,0,0,115,61,45,0,0,136,214,10
37,North Carolina,37057,Davidson,2022,39,,,354,196,158,0,0,0,0,86,61,47,0,0,0,354,0
37,North Carolina,37063,Durham,2022,140,,,365,273,92,0,0,0,0,93,55,42,0,0,155,209,1
37,North Carolina,37065,Edgecombe,2022,35,,,356,312,44,0,0,0,0,93,52,37,0,0,175,181,0
37,North Carolina,37067,Forsyth,2022,132,,,365,209,155,1,0,0,0,137,61,48,0,1,130,234,0
37,North Carolina,37075,Graham,2022,0,,,244,200,41,3,0,0,0,112,61,43,0,0,244,0,0
37,North Carolina,37077,Granville,2022,27,,,244,223,20,1,0,0,0,112,50,42,0,0,244,0,0
37,North Carolina,37081,Guilford,2022,238,,,365,223,142,0,0,0,0,84,59,46,0,0,126,228,11
37,North Carolina,37087,Haywood,2022,16,,,280,234,45,1,0,0,0,108,58,43,0,0,242,38,0
37,North Carolina,37095,Hyde,2022,,,,115,112,3,0,0,0,0,61,39,21,0,0,0,115,0
37,North Carolina,37101,Johnston,2022,63,,,365,271,93,1,0,0,0,140,55,42,0,0,128,237,0
37,North Carolina,37107,Lenoir,2022,14,,,241,217,23,1,0,0,0,108,50,39,0,0,241,0,0
37,North Carolina,37109,Lincoln,2022,35,,,243,202,40,1,0,0,0,108,58,43,0,0,243,0,0
37,North Carolina,37113,Macon,2022,,,,360,349,11,0,0,0,0,97,45,31,0,0,360,0,0
37,North Carolina,37117,Martin,2022,15,,,289,282,7,0,0,0,0,80,44,34,0,0,244,0,45
37,North Carolina,37119,Mecklenburg,2022,551,,,365,190,173,2,0,0,0,119,67,50,0,0,142,223,0
37,North Carolina,37121,Mitchell,2022,,,,346,298,48,0,0,0,0,69,53,31,0,0,0,346,0
37,North Carolina,37123,Montgomery,2022,9,,,363,263,100,0,0,0,0,80,58,43,0,0,167,196,0
37,North Carolina,37129,New Hanover,2022,42,,,361,268,93,0,0,0,0,80,55,42,0,0,93,268,0
37,North Carolina,37131,Northampton,2022,10,,,362,284,78,0,0,0,0,71,55,33,0,5,0,357,0
37,North Carolina,37145,Person,2022,14,,,243,229,14,0,0,0,0,90,49,40,0,0,243,0,0
37,North Carolina,37147,Pitt,2022,109,,,365,305,60,0,0,0,0,97,52,37,0,0,144,221,0
37,North Carolina,37157,Rockingham,2022,33,,,239,219,20,0,0,0,0,80,50,41,0,0,239,0,0
37,North Carolina,37159,Rowan,2022,53,,,364,230,134,0,0,0,0,87,59,46,0,0,180,184,0
37,North Carolina,37173,Swain,2022,,,,365,275,90,0,0,0,0,89,57,43,0,0,102,263,0
37,North Carolina,37179,Union,2022,85,,,244,218,26,0,0,0,0,100,51,41,0,0,244,0,0
37,North Carolina,37183,Wake,2022,391,,,365,216,148,1,0,0,0,122,59,47,0,0,130,235,0
37,North Carolina,37199,Yancey,2022,0,,,242,200,42,0,0,0,0,93,61,44,0,0,242,0,0
41,Oregon,41001,Baker,2022,6,,,365,283,79,3,0,0,0,124,59,32,0,0,0,365,0
41,Oregon,41003,Benton,2022,,,,206,183,23,0,0,0,0,68,52,21,0,0,0,206,0
41,Oregon,41005,Clackamas,2022,87,,,364,286,73,3,2,0,0,168,61,33,0,0,135,229,0
41,Oregon,41009,Columbia,2022,19,,,362,293,66,1,2,0,0,162,56,31,0,0,109,253,0
41,Oregon,41013,Crook,2022,,,,359,288,69,2,0,0,0,128,58,24,0,0,0,359,0
41,Oregon,41017,Deschutes,2022,46,,,365,282,77,2,3,1,0,205,62,23,0,0,0,365,0
41,Oregon,41019,Douglas,2022,14,,,46,21,25,0,0,0,0,69,62,53,0,0,0,46,0
41,Oregon,41023,Grant,2022,0,,,365,198,166,1,0,0,0,108,72,46,0,0,0,365,0
41,Oregon,41025,Harney,2022,,,,365,226,137,2,0,0,0,114,70,41,0,0,0,365,0
41,Oregon,41029,Jackson,2022,62,,,365,211,146,5,3,0,0,165,69,44,0,0,108,257,0
41,Oregon,41031,Jefferson,2022,13,,,365,272,92,1,0,0,0,108,63,26,0,0,0,365,0
41,Oregon,41033,Josephine,2022,38,,,365,208,142,8,6,1,0,252,83,39,0,0,0,365,0
41,Oregon,41035,Klamath,2022,31,,,365,222,139,2,2,0,0,163,70,38,0,0,0,365,0
41,Oregon,41037,Lake,2022,8,,,365,273,88,4,0,0,0,129,65,25,0,0,0,364,1
41,Oregon,41039,Lane,2022,61,,,365,194,132,5,14,9,11,520,116,44,0,0,71,294,0
41,Oregon,41043,Linn,2022,22,,,365,254,109,2,0,0,0,127,65,33,0,0,0,365,0
41,Oregon,41047,Marion,2022,85,,,365,254,104,5,2,0,0,168,70,36,0,0,125,240,0
41,Oregon,41051,Multnomah,2022,233,,,365,266,94,3,2,0,0,165,63,36,0,0,175,190,0
41,Oregon,41059,Umatilla,2022,16,,,365,244,118,3,0,0,0,141,66,39,0,0,119,246,0
41,Oregon,41061,Union,2022,,,,361,283,74,4,0,0,0,130,57,28,0,0,0,360,1
41,Oregon,41063,Wallowa,2022,,,,343,270,65,3,5,0,0,195,58,27,0,0,0,343,0
41,Oregon,41065,Wasco,2022,11,,,161,161,0,0,0,0,0,50,23,16,0,0,0,161,0
41,Oregon,41067,Washington,2022,134,,,365,244,118,1,2,0,0,164,67,37,0,4,130,231,0
44,Rhode Island,44003,Kent,2022,57,,,358,334,24,0,0,0,0,100,47,31,0,0,202,156,0
44,Rhode Island,44007,Providence,2022,347,,,365,263,101,1,0,0,0,108,59,43,0,3,168,193,1
44,Rhode Island,44009,Washington,2022,24,,,356,313,39,3,1,0,0,164,51,36,0,0,209,147,0
45,South Carolina,45003,Aiken,2022,23,,,271,246,25,0,0,0,0,87,50,37,0,0,271,0,0
45,South Carolina,45007,Anderson,2022,51,,,246,230,16,0,0,0,0,74,48,39,0,0,246,0,0
45,South Carolina,45015,Berkeley,2022,72,,,234,221,13,0,0,0,0,80,49,36,0,0,234,0,0
45,South Carolina,45019,Charleston,2022,82,,,365,209,156,0,0,0,0,84,59,47,0,0,70,294,1
45,South Carolina,45025,Chesterfield,2022,12,,,343,273,70,0,0,0,0,97,55,40,0,0,143,200,0
45,South Carolina,45031,Darlington,2022,25,,,265,249,16,0,0,0,0,84,47,36,0,0,265,0,0
45,South Carolina,45037,Edgefield,2022,,,,364,250,114,0,0,0,0,74,57,43,0,0,143,221,0
45,South Carolina,45041,Florence,2022,62,,,333,210,123,0,0,0,0,79,59,44,0,0,0,333,0
45,South Carolina,45045,Greenville,2022,140,,,365,179,186,0,0,0,0,97,66,51,0,0,117,248,0
45,South Carolina,45051,Horry,2022,90,,,263,247,16,0,0,0,0,93,49,38,0,0,263,0,0
45,South Carolina,45063,Lexington,2022,106,,,363,263,100,0,0,0,0,75,55,39,0,0,0,325,38
45,South Carolina,45079,Richland,2022,172,,,365,265,100,0,0,0,0,93,56,43,0,5,196,164,0
45,South Carolina,45083,Spartanburg,2022,95,,,363,206,157,0,0,0,0,87,61,47,0,0,120,243,0
45,South Carolina,45091,York,2022,13,,,363,253,109,1,0,0,0,126,58,44,0,0,170,193,0
49,Utah,49003,Box Elder,2022,19,,,281,266,15,0,0,0,0,90,47,35,0,16,265,0,0
49,Utah,49005,Cache,2022,30,,,365,223,135,6,1,0,0,155,71,46,0,0,208,157,0
49,Utah,49007,Carbon,2022,,,,364,321,43,0,0,0,0,74,52,43,0,1,336,27,0
49,Utah,49011,Davis,2022,115,,,365,210,145,10,0,0,0,147,84,47,0,25,248,92,0
49,Utah,49013,Duchesne,2022,11,,,365,223,138,3,1,0,0,177,72,48,0,0,301,58,6
49,Utah,49017,Garfield,2022,0,,,293,246,47,0,0,0,0,93,58,44,0,0,257,36,0
49,Utah,49021,Iron,2022,14,,,365,309,56,0,0,0,0,80,54,42,0,10,293,62,0
49,Utah,49035,Salt Lake,2022,473,,,365,101,236,28,0,0,0,147,98,60,0,18,199,139,9
49,Utah,49037,San Juan,2022,,,,365,306,59,0,0,0,0,87,58,44,0,0,362,3,0
49,Utah,49045,Tooele,2022,35,,,365,248,111,6,0,0,0,119,72,44,0,1,265,99,0
49,Utah,49047,Uintah,2022,24,,,365,242,123,0,0,0,0,93,67,47,0,0,329,36,0
49,Utah,49049,Utah,2022,164,,,365,206,154,5,0,0,0,119,74,49,0,7,222,124,12
49,Utah,49053,Washington,2022,58,,,365,288,77,0,0,0,0,97,61,44,0,0,337,28,0
49,Utah,49055,Wayne,2022,,,,122,117,5,0,0,0,0,62,30,12,0,0,0,122,0
49,Utah,49057,Weber,2022,96,,,365,205,155,5,0,0,0,121,74,48,0,12,239,109,5
51,Virginia,51003,Albemarle,2022,18,,,361,249,112,0,0,0,0,67,56,44,0,0,102,259,0
51,Virginia,51013,Arlington,2022,28,,,365,325,40,0,0,0,0,100,51,37,0,48,263,54,0
51,Virginia,51033,Caroline,2022,10,,,243,236,7,0,0,0,0,67,46,36,0,0,243,0,0
51,Virginia,51035,Carroll,2022,,,,56,56,0,0,0,0,0,23,13,7,0,0,0,0,56
51,Virginia,51041,Chesterfield,2022,172,,,286,264,22,0,0,0,0,80,48,38,0,0,212,74,0
51,Virginia,51059,Fairfax,2022,134,,,365,232,133,0,0,0,0,87,58,47,0,6,125,234,0
51,Virginia,51061,Fauquier,2022,11,,,244,237,7,0,0,0,0,71,44,34,0,0,244,0,0
51,Virginia,51069,Frederick,2022,20,,,334,234,100,0,0,0,0,89,58,43,0,0,116,218,0
51,Virginia,51071,Giles,2022,10,,,358,329,29,0,0,0,0,100,50,38,0,0,358,0,0
51,Virginia,51085,Hanover,2022,30,,,239,226,13,0,0,0,0,77,49,39,0,0,239,0,0
51,Virginia,51087,Henrico,2022,173,,,364,235,128,1,0,0,0,112,58,45,0,2,140,222,0
51,Virginia,51107,Loudoun,2022,74,,,364,328,34,2,0,0,0,112,50,37,0,16,304,44,0
51,Virginia,51113,Madison,2022,6,,,358,323,35,0,0,0,0,93,50,40,0,0,321,37,0
51,Virginia,51143,Pittsylvania,2022,10,,,363,363,0,0,0,0,0,28,7,3,0,363,0,0,0
51,Virginia,51147,Prince Edward,2022,10,,,347,340,7,0,0,0,0,54,44,34,0,0,347,0,0
51,Virginia,51153,Prince William,2022,120,,,350,337,13,0,0,0,0,93,46,35,0,5,345,0,0
51,Virginia,51760,Richmond City,2022,223,,,365,249,116,0,0,0,0,67,56,42,2,34,0,329,0
51,Virginia,51161,Roanoke,2022,17,,,365,257,108,0,0,0,0,80,58,42,1,1,128,235,0
51,Virginia,51163,Rockbridge,2022,,,,285,277,8,0,0,0,0,71,46,33,0,0,221,64,0
51,Virginia,51165,Rockingham,2022,21,,,365,332,33,0,0,0,0,74,49,34,0,94,211,60,0
51,Virginia,51179,Stafford,2022,42,,,362,351,11,0,0,0,0,74,44,35,0,0,361,0,1
51,Virginia,51197,Wythe,2022,7,,,245,232,13,0,0,0,0,77,47,39,0,0,245,0,0
55,Wisconsin,55003,Ashland,2022,,,,364,334,30,0,0,0,0,74,48,36,0,0,256,108,0
55,Wisconsin,55009,Brown,2022,75,,,359,262,95,2,0,0,0,112,59,40,0,0,115,244,0
55,Wisconsin,55021,Columbia,2022,8,,,202,191,11,0,0,0,0,80,46,38,0,0,202,0,0
55,Wisconsin,55025,Dane,2022,95,,,365,236,129,0,0,0,0,91,62,45,0,0,93,271,1
55,Wisconsin,55027,Dodge,2022,11,,,365,266,99,0,0,0,0,93,60,42,0,0,183,182,0
55,Wisconsin,55029,Door,2022,,,,205,176,24,5,0,0,0,147,71,36,0,0,205,0,0
55,Wisconsin,55035,Eau Claire,2022,25,,,365,268,97,0,0,0,0,81,58,41,0,0,117,248,0
55,Wisconsin,55039,Fond du Lac,2022,12,,,203,193,9,1,0,0,0,108,48,36,0,0,203,0,0
55,Wisconsin,55041,Forest,2022,0,,,363,321,42,0,0,0,0,77,52,37,0,0,256,107,0
55,Wisconsin,55043,Grant,2022,6,,,359,241,118,0,0,0,0,80,58,39,0,0,0,359,0
55,Wisconsin,55053,Jackson,2022,,,,359,298,60,1,0,0,0,118,54,30,0,0,0,359,0
55,Wisconsin,55055,Jefferson,2022,17,,,200,185,15,0,0,0,0,87,49,38,0,0,200,0,0
55,Wisconsin,55059,Kenosha,2022,47,,,365,236,124,4,1,0,0,164,69,44,0,0,187,178,0
55,Wisconsin,55061,Kewaunee,2022,0,,,201,172,25,3,1,0,0,161,61,39,0,0,201,0,0
55,Wisconsin,55063,La Crosse,2022,8,,,365,271,94,0,0,0,0,85,57,41,0,0,115,250,0
55,Wisconsin,55071,Manitowoc,2022,12,,,198,167,25,4,2,0,0,182,71,38,0,0,198,0,0
55,Wisconsin,55073,Marathon,2022,15,,,205,197,8,0,0,0,0,64,46,35,0,0,205,0,0
55,Wisconsin,55079,Milwaukee,2022,449,,,365,192,167,6,0,0,0,143,70,49,0,1,126,234,4
55,Wisconsin,55081,Monroe,2022,8,,,364,295,68,1,0,0,0,132,54,32,0,0,0,364,0
55,Wisconsin,55087,Outagamie,2022,24,,,365,241,123,1,0,0,0,122,60,43,0,0,105,260,0
55,Wisconsin,55089,Ozaukee,2022,8,,,307,228,74,4,1,0,0,159,64,41,0,0,156,151,0
55,Wisconsin,55101,Racine,2022,55,,,202,165,34,2,1,0,0,164,67,40,0,0,202,0,0
55,Wisconsin,55105,Rock,2022,51,,,202,184,18,0,0,0,0,97,50,39,0,0,202,0,0
55,Wisconsin,55111,Sauk,2022,19,,,360,265,95,0,0,0,0,79,58,41,0,0,124,236,0
55,Wisconsin,55117,Sheboygan,2022,15,,,203,172,24,6,1,0,0,177,74,40,0,0,203,0,0
55,Wisconsin,55119,Taylor,2022,,,,365,310,55,0,0,0,0,78,54,37,0,0,222,143,0
55,Wisconsin,55125,Vilas,2022,,,,363,329,34,0,0,0,0,68,50,33,0,0,160,203,0
55,Wisconsin,55127,Walworth,2022,13,,,200,181,16,3,0,0,0,105,50,39,0,0,200,0,0
55,Wisconsin,55133,Waukesha,2022,71,,,363,215,144,4,0,0,0,126,63,47,0,0,95,267,1
